image,time_sec
Image 1.png,0.5601606369018555
Image 2.png,0.3597893714904785
Image 3.png,0.3982236385345459
Image 4.png,0.4102449417114258
Image 5.png,0.3982267379760742
