image,time_sec
Image 1.png,0.06708717346191406
Image 2.png,0.05299019813537598
Image 3.png,0.055979013442993164
Image 4.png,0.11567068099975586
Image 5.png,0.06304025650024414
